pred.names,prey.names,R/J,Bio_JC.pprey,Bio_Orig.pprey,Bio_RG.pprey,final.value
2WTF1,MAK,J,0.05,0,0,0
2WTF2,MAK,J,0.06,0,0,0
1GOO1,MAK,J,0.005,0.12,0.12,0.12
2GOO1,MAK,J,0.005,0.12,0.12,0.12
1GOO2,MAK,J,0.005,0.12,0.12,0.12
2GOO2,MAK,J,0.005,0.12,0.12,0.12
1SHK1,MAK,J,0.007,0.028,0.028,0.028
2SHK1,MAK,J,0.0075,0.035,0.035,0.035
1SHK2,MAK,J,0.0075,0.033,0.033,0.033
2SHK2,MAK,J,0.0075,0.035,0.035,0.035
1BSB2,MAK,J,0.025,0.05,0.05,0.05
1OPT1,MAK,J,0.065,0.135,0.135,0.135
2OPT1,MAK,J,0.065,0.135,0.135,0.135
1OPT2,MAK,J,0.065,0.135,0.135,0.135
2OPT2,MAK,J,0.065,0.135,0.135,0.135
1HAD1,MAK,J,0.06,0.13,0.13,0.13
2HAD1,MAK,J,0.06,0.13,0.13,0.13
1HAD2,MAK,J,0.06,0.135,0.135,0.135
2HAD2,MAK,J,0.06,0.135,0.135,0.135
1DOG1,MAK,J,0.1,0.23,0.23,0.23
2DOG1,MAK,J,0.06,0.12,0.12,0.12
1DOG2,MAK,J,0.05,0.1125,0.1125,0.1125
2DOG2,MAK,J,0.05,0.1125,0.1125,0.1125
1WSK1,MAK,J,0.06,0.12,0.12,0.12
2WSK1,MAK,J,0.125,0.25,0.25,0.25
1WSK2,MAK,J,0.12,0.24,0.24,0.24
2WSK2,MAK,J,0.12,0.24,0.24,0.24
1MAK1,HER,J,0.005,0.01,0.01,0.01
1BSB1,HER,J,0.025,0.05,0.05,0.05
2BSB1,HER,J,0.005,0.01,0.01,0.01
1BSB2,HER,J,0.025,0.05,0.05,0.05
2BSB2,HER,J,0.005,0.01,0.01,0.01
1FDF1,HER,J,0.06,0.12,0.12,0.12
2FDF1,HER,J,0.06,0.12,0.12,0.12
1FDF2,HER,J,0.045,0.09,0.09,0.09
2FDF2,HER,J,0.045,0.09,0.09,0.09
1HAD1,HER,J,0.05,0.105,0.105,0.105
2HAD1,HER,J,0.05,0.105,0.105,0.105
1HAD2,HER,J,0.05,0.105,0.105,0.105
2HAD2,HER,J,0.05,0.105,0.105,0.105
SCA,HER,R,0.001,0,0,0
BFF,HER,R,0.01,0,0,0
BG,HER,R,0.01,0,0,0
2WTF1,WHK,J,0.05,0,0,0
2WTF2,WHK,J,0.06,0,0,0
1GOO1,WHK,J,0.005,0.09,0.09,0.09
2GOO1,WHK,J,0.005,0.09,0.09,0.09
1GOO2,WHK,J,0.005,0.09,0.09,0.09
2GOO2,WHK,J,0.005,0.09,0.09,0.09
1SHK1,WHK,J,0.001,0.05,0.05,0.05
2SHK1,WHK,J,0.001,0,0,0
1SHK2,WHK,J,0.001,0.08,0.08,0.08
2SHK2,WHK,J,0.001,0.01,0.01,0.01
1BLF1,BLF,J,0.001,0.09,0.09,0.09
2BLF1,BLF,J,0.001,0.09,0.09,0.09
1BLF2,BLF,J,0.001,0.09,0.09,0.09
2BLF2,BLF,J,0.001,0.09,0.09,0.09
1GOO1,BLF,J,0.04,0.09,0.09,0.09
2GOO1,BLF,J,0.04,0.09,0.09,0.09
1GOO2,BLF,J,0.04,0.09,0.09,0.09
2GOO2,BLF,J,0.04,0.09,0.09,0.09
1STB2,BLF,J,0.05,0.1125,0.1125,0.1125
ZM,BLF,J,0,0.01,0.01,0.01
ZS,BLF,J,0,0.05,0.05,0.05
1MAK1,WPF,J,0.05,0,0,0
2MAK1,WPF,J,0.05,0,0,0
1MAK2,WPF,J,0.05,0,0,0
2MAK2,WPF,J,0.05,0,0,0
1BSB1,WPF,J,0.05,0,0,0
2BSB1,WPF,J,0.05,0,0,0
1BSB2,WPF,J,0.025,0,0,0
2BSB2,WPF,J,0.025,0,0,0
ZM,WPF,J,0,0.01,0.01,0.01
ZS,WPF,J,0,0.05,0.05,0.05
1BLF1,SUF,J,0.05,0.1,0.1,0.1
2BLF1,SUF,J,0.01,0.02,0.02,0.02
1BLF2,SUF,J,0.08,0.15,0.15,0.15
2BLF2,SUF,J,0.025,0.05,0.05,0.05
1GOO1,SUF,J,0.025,0.05,0.05,0.05
2GOO1,SUF,J,0.025,0.05,0.05,0.05
1GOO2,SUF,J,0.06,0.12,0.12,0.12
2GOO2,SUF,J,0.04,0.09,0.09,0.09
1SHK1,SUF,J,0.0125,0.05,0.05,0.05
1SHK2,SUF,J,0.0125,0.05,0.05,0.05
2SHK2,SUF,J,0.005,0.01,0.01,0.01
1DOG1,SUF,J,0.13,0.2625,0.2625,0.2625
2DOG1,SUF,J,0.13,0.2625,0.2625,0.2625
1DOG2,SUF,J,0.13,0.2625,0.2625,0.2625
2DOG2,SUF,J,0.13,0.2625,0.2625,0.2625
ZM,SUF,J,0,0.01,0.01,0.01
ZS,SUF,J,0,0.05,0.05,0.05
1SHK1,FOU,J,0.02,0.09,0.09,0.09
1SHK2,FOU,J,0.02,0.09,0.09,0.09
2SHK2,FOU,J,0.04,0.09,0.09,0.09
1HER1,HAL,J,0,1.00E-05,1.00E-05,0.00001
2HER1,HAL,J,0,1.00E-05,1.00E-05,0.00001
1HER2,HAL,J,0,1.00E-05,1.00E-05,0.00001
2HER2,HAL,J,0,1.00E-05,1.00E-05,0.00001
1ANC1,HAL,J,0,1.00E-05,1.00E-05,0.00001
2ANC1,HAL,J,0,1.00E-05,1.00E-05,0.00001
1ANC2,HAL,J,0,1.00E-05,1.00E-05,0.00001
2ANC2,HAL,J,0,1.00E-05,1.00E-05,0.00001
1DOG1,HAL,J,0.025,0.01,0.01,0.01
1DOG2,HAL,J,0.025,0.05,0.05,0.05
2DOG2,HAL,J,0.025,0,0,0
SCA,HAL,R,0.001,1.00E-04,1.00E-04,0.0001
BFF,HAL,R,0.01,1.00E-04,1.00E-04,0.0001
BG,HAL,R,0.25,0,0,0
ZM,HAL,J,0,0.05,0.05,0.05
ZS,HAL,J,0,0.001,0.001,0.001
1GOO1,PLA,J,0.025,0.05,0.05,0.05
2GOO1,PLA,J,0.025,0.05,0.05,0.05
1GOO2,PLA,J,0.06,0.12,0.12,0.12
2GOO2,PLA,J,0.045,0.09,0.09,0.09
1SHK1,PLA,J,0.025,0.05,0.05,0.05
1SHK2,PLA,J,0.025,0.05,0.05,0.05
1POL2,PLA,J,0.025,0.05,0.05,0.05
2POL2,PLA,J,0.05,0.1,0.1,0.1
1WPF1,FLA,J,0.045,0.09,0.09,0.09
2WPF1,FLA,J,0.045,0.09,0.09,0.09
1WPF2,FLA,J,0.025,0.05,0.05,0.05
2WPF2,FLA,J,0.025,0.05,0.05,0.05
1HER1,BIL,J,0,1.00E-05,1.00E-05,0.00001
2HER1,BIL,J,0,1.00E-05,1.00E-05,0.00001
1HER2,BIL,J,0,1.00E-05,1.00E-05,0.00001
2HER2,BIL,J,0,1.00E-05,1.00E-05,0.00001
1ANC1,BIL,J,0,1.00E-05,1.00E-05,0.00001
2ANC1,BIL,J,0,1.00E-05,1.00E-05,0.00001
1ANC2,BIL,J,0,1.00E-05,1.00E-05,0.00001
2ANC2,BIL,J,0,1.00E-05,1.00E-05,0.00001
SCA,BIL,R,0.001,1.00E-04,1.00E-04,0.0001
BFF,BIL,R,0.01,1.00E-04,1.00E-04,0.0001
BG,BIL,R,0.25,0,0,0
ZM,BIL,J,0,0.05,0.05,0.05
ZS,BIL,J,0,0.001,0.001,0.001
1MAK1,MPF,J,0.05,0.2,0.2,0.2
2MAK1,MPF,J,0.05,0.2,0.2,0.2
1MAK2,MPF,J,0.05,0.2,0.2,0.2
2MAK2,MPF,J,0.05,0.2,0.2,0.2
1MPF1,MPF,J,1.00E-04,0.1,0.1,0.1
2MPF1,MPF,J,1.00E-04,0.1,0.1,0.1
1MPF2,MPF,J,1.00E-04,0.1,0.1,0.1
2MPF2,MPF,J,1.00E-04,0.1,0.1,0.1
1BSB1,MPF,J,0.05,0.09,0.09,0.09
2BSB1,MPF,J,0.05,0.09,0.09,0.09
1BSB2,MPF,J,0.025,0.09,0.09,0.09
2BSB2,MPF,J,0.025,0.09,0.09,0.09
1RED1,MPF,J,0.05,0.1,0.1,0.1
2RED1,MPF,J,0.05,0.1,0.1,0.1
1RED2,MPF,J,0.1,0.2,0.2,0.2
2RED2,MPF,J,0.1,0.2,0.2,0.2
ZM,MPF,J,0,0.01,0.01,0.01
ZS,MPF,J,0,0.05,0.05,0.05
1MAK1,BUT,J,0.05,0.1,0.1,0.1
2MAK1,BUT,J,0.005,0.1,0.1,0.1
1MAK2,BUT,J,0.005,0.1,0.1,0.1
2MAK2,BUT,J,0.005,0.1,0.1,0.1
1SHK1,BUT,J,0.005,0.1,0.1,0.1
2SHK1,BUT,J,0.005,0.1,0.1,0.1
1SHK2,BUT,J,0.005,0.1,0.1,0.1
2SHK2,BUT,J,0.005,0.1,0.1,0.1
1BSB1,BUT,J,0.05,0.09,0.09,0.09
2BSB1,BUT,J,0.05,0.09,0.09,0.09
1BSB2,BUT,J,0.05,0.09,0.09,0.09
2BSB2,BUT,J,0.05,0.09,0.09,0.09
1MAK1,BPF,J,0.05,0.2,0.2,0.2
2MAK1,BPF,J,0.05,0.2,0.2,0.2
1MAK2,BPF,J,0.05,0.2,0.2,0.2
2MAK2,BPF,J,0.05,0.2,0.2,0.2
1BSB1,BPF,J,0.05,0.2,0.2,0.2
2BSB1,BPF,J,0.05,0.2,0.2,0.2
1BSB2,BPF,J,0.025,0.09,0.09,0.09
2BSB2,BPF,J,0.025,0.09,0.09,0.09
ZM,BPF,J,0,0.01,0.01,0.01
ZS,BPF,J,0,0.05,0.05,0.05
1MAK1,ANC,J,0.01,0.05,0.05,0.05
2MAK1,ANC,J,0.005,0.05,0.05,0.05
1MAK2,ANC,J,0.005,0.05,0.05,0.05
2MAK2,ANC,J,0.005,0.05,0.05,0.05
1BSB1,ANC,J,0.05,0.2,0.2,0.2
2BSB1,ANC,J,0.05,0.2,0.2,0.2
1BSB2,ANC,J,0.025,0.09,0.09,0.09
2BSB2,ANC,J,0.025,0.09,0.09,0.09
1DOG2,ANC,J,0.05,0,0,0
2DOG2,ANC,J,0.05,0.105,0.105,0.105
LOB,ANC,R,0.125,0,0,0
1GOO1,GOO,J,1.00E-04,0.03,0.03,0.03
2GOO1,GOO,J,1.00E-04,0.03,0.03,0.03
1GOO2,GOO,J,1.00E-04,0.03,0.03,0.03
2GOO2,GOO,J,1.00E-04,0.03,0.03,0.03
1WOL1,GOO,J,0.025,0.05,0.05,0.05
1WOL2,GOO,J,0.035,0.07,0.07,0.07
2WOL1,GOO,J,0.025,0.05,0.05,0.05
2WOL2,GOO,J,0.025,0.05,0.05,0.05
1DOG1,GOO,J,0.055,0.1125,0.1125,0.1125
2DOG1,GOO,J,0.055,0.1125,0.1125,0.1125
1DOG2,GOO,J,0.055,0.1125,0.1125,0.1125
2DOG2,GOO,J,0.055,0.1125,0.1125,0.1125
ZM,GOO,J,0,0.05,0.05,0.05
1MAK1,MEN,J,0.05,0.1,0.1,0.1
1MAK2,MEN,J,0.01,0.1,0.1,0.1
1SHK1,MEN,J,0.035,0.07,0.07,0.07
2SHK1,MEN,J,0.015,0.03,0.03,0.03
1SHK2,MEN,J,0.035,0.07,0.07,0.07
2SHK2,MEN,J,0.015,0.0375,0.0375,0.0375
1RED1,MEN,J,0.045,0.09,0.09,0.09
2RED1,MEN,J,0.025,0.05,0.05,0.05
1RED2,MEN,J,0.025,0.05,0.05,0.05
2RED2,MEN,J,0.025,0.05,0.05,0.05
1MAK1,FDE,J,0.05,0.1,0.1,0.1
1MAK2,FDE,J,0.05,0.1,0.1,0.1
1SHK1,FDE,J,0.035,0.07,0.07,0.07
2SHK1,FDE,J,0.015,0.03,0.03,0.03
1SHK2,FDE,J,0.035,0.07,0.07,0.07
2SHK2,FDE,J,0.015,0.0375,0.0375,0.0375
1BSB1,FDE,J,0.05,0.09,0.09,0.09
2BSB1,FDE,J,0.1,0.25,0.25,0.25
1BSB2,FDE,J,0.05,0.0975,0.0975,0.0975
2BSB2,FDE,J,0.1,0.25,0.25,0.25
1HAD1,FDE,J,0.06,0.12,0.12,0.12
2HAD1,FDE,J,0.06,0.12,0.12,0.12
1HAD2,FDE,J,0.055,0.1125,0.1125,0.1125
2HAD2,FDE,J,0.055,0.1125,0.1125,0.1125
1ANC2,COD,J,0.005,0,0,0
1GOO1,COD,J,0.06,0.12,0.12,0.12
2GOO1,COD,J,0.06,0.12,0.12,0.12
1GOO2,COD,J,0.06,0.12,0.12,0.12
2GOO2,COD,J,0.06,0.12,0.12,0.12
1SHK1,COD,J,0.0015,0.00375,0.00375,0.00375
2SHK1,COD,J,0.001,0.00225,0.00225,0.00225
1SHK2,COD,J,0.002,0.0040625,0.0040625,0.0040625
2SHK2,COD,J,0.0015,0.0035,0.0035,0.0035
2WTF1,SHK,J,0.05,0,0,0
2WTF2,SHK,J,0.06,0,0,0
1GOO1,SHK,J,0.005,0.1,0.1,0.1
2GOO1,SHK,J,0.005,0.1,0.1,0.1
1GOO2,SHK,J,0.005,0.1,0.1,0.1
2GOO2,SHK,J,0.005,0.1,0.1,0.1
1SHK1,SHK,J,0.001,0.106,0.106,0.106
2SHK1,SHK,J,0.001,0.119,0.119,0.119
1SHK2,SHK,J,0.001,0.106,0.106,0.106
2SHK2,SHK,J,0.001,0.2,0.2,0.2
2WTF1,OHK,J,0.05,0,0,0
2WTF2,OHK,J,0.06,0,0,0
1GOO1,OHK,J,0.005,0.081,0.081,0.081
2GOO1,OHK,J,0.005,0.081,0.081,0.081
1GOO2,OHK,J,0.005,0.081,0.081,0.081
2GOO2,OHK,J,0.005,0.081,0.081,0.081
1SHK1,OHK,J,0.025,0.05,0.05,0.05
2SHK1,OHK,J,0.035,0.07,0.07,0.07
1SHK2,OHK,J,0.04,0.08,0.08,0.08
2SHK2,OHK,J,0.005,0.01,0.01,0.01
1HER1,POL,J,0,1.00E-05,1.00E-05,0.00001
2HER1,POL,J,0,1.00E-05,1.00E-05,0.00001
1HER2,POL,J,0,1.00E-05,1.00E-05,0.00001
2HER2,POL,J,0,1.00E-05,1.00E-05,0.00001
1SHK1,POL,J,0.025,0.05,0.05,0.05
2SHK1,POL,J,0.035,0.07,0.07,0.07
1SHK2,POL,J,0.04,0.08,0.08,0.08
2SHK2,POL,J,0.005,0.01,0.01,0.01
SCA,POL,R,0.001,1.00E-04,1.00E-04,0.0001
BFF,POL,R,0.01,1.00E-04,1.00E-04,0.0001
BG,POL,R,0.25,0,0,0
ZM,POL,J,0,0.05,0.05,0.05
ZS,POL,J,0,0.001,0.001,0.001
2WTF1,RHK,J,0.05,0,0,0
2WTF2,RHK,J,0.06,0,0,0
1GOO1,RHK,J,0.005,0.05,0.05,0.05
2GOO1,RHK,J,0.005,0.05,0.05,0.05
1GOO2,RHK,J,0.005,0.1,0.1,0.1
2GOO2,RHK,J,0.005,0.1,0.1,0.1
1SHK1,RHK,J,0.025,0.05,0.05,0.05
2SHK1,RHK,J,0.035,0.07,0.07,0.07
1SHK2,RHK,J,0.04,0.08,0.08,0.08
2SHK2,RHK,J,0.005,0.01,0.01,0.01
1GOO1,BSB,J,0,0.05,0.05,0.05
2GOO1,BSB,J,0,0.05,0.05,0.05
1GOO2,BSB,J,0,0.1,0.1,0.1
2GOO2,BSB,J,0,0.1,0.1,0.1
1SHK1,BSB,J,0.025,0.05,0.05,0.05
2SHK1,BSB,J,0.035,0.07,0.07,0.07
1SHK2,BSB,J,0.04,0.08,0.08,0.08
2SHK2,BSB,J,0.005,0.01,0.01,0.01
1SHK1,SCU,J,0.0125,0.05,0.05,0.05
2SHK1,SCU,J,0.015,0.07,0.07,0.07
1SHK2,SCU,J,0.02,0.08,0.08,0.08
2SHK2,SCU,J,0.0025,0.01,0.01,0.01
1STB1,SCU,J,0.07,0.15,0.15,0.15
2STB1,SCU,J,0.065,0.135,0.135,0.135
1STB2,SCU,J,0.06,0.12,0.12,0.12
2STB2,SCU,J,0.1,0.2,0.2,0.2
1HER1,TYL,J,0,1.00E-05,1.00E-05,0.00001
2HER1,TYL,J,0,1.00E-05,1.00E-05,0.00001
1HER2,TYL,J,0,1.00E-05,1.00E-05,0.00001
2HER2,TYL,J,0,1.00E-05,1.00E-05,0.00001
SCA,TYL,R,0.001,1.00E-04,1.00E-04,0.0001
BFF,TYL,R,0.01,1.00E-04,1.00E-04,0.0001
BG,TYL,R,0.25,0,0,0
ZM,TYL,J,0,0.05,0.05,0.05
ZS,TYL,J,0,0.001,0.001,0.001
1ANC2,RED,J,0.005,0,0,0
1WSK1,OPT,J,0.025,0.05,0.05,0.05
2WSK1,OPT,J,0.12,0.24,0.24,0.24
1WSK2,OPT,J,0.12,0.24,0.24,0.24
2WSK2,OPT,J,0.12,0.24,0.24,0.24
1LSK1,OPT,J,0.025,0.05,0.05,0.05
2LSK1,OPT,J,0.09,0.18,0.18,0.18
1LSK2,OPT,J,0.09,0.18,0.18,0.18
2LSK2,OPT,J,0.09,0.18,0.18,0.18
1HER1,SAL,J,0,1.00E-05,1.00E-05,0.00001
2HER1,SAL,J,0,1.00E-05,1.00E-05,0.00001
1HER2,SAL,J,0,1.00E-05,1.00E-05,0.00001
2HER2,SAL,J,0,1.00E-05,1.00E-05,0.00001
1ANC1,SAL,J,0,1.00E-05,1.00E-05,0.00001
2ANC1,SAL,J,0,1.00E-05,1.00E-05,0.00001
1ANC2,SAL,J,0,1.00E-05,1.00E-05,0.00001
2ANC2,SAL,J,0,1.00E-05,1.00E-05,0.00001
1DOG1,SAL,J,0.025,0.05,0.05,0.05
1DOG2,SAL,J,0.025,0.05,0.05,0.05
2DOG2,SAL,J,0.025,0.05,0.05,0.05
SCA,SAL,R,0.001,1.00E-04,1.00E-04,0.0001
BFF,SAL,R,0.01,1.00E-04,1.00E-04,0.0001
BG,SAL,R,0.25,0,0,0
ZM,SAL,J,0,0.05,0.05,0.05
ZS,SAL,J,0,0.001,0.001,0.001
1BLF1,DRM,J,0.025,0.05,0.05,0.05
1BLF2,DRM,J,0.05,0.1,0.1,0.1
2BLF2,DRM,J,0.025,0.05,0.05,0.05
1BSB1,DRM,J,0.04,0.09375,0.09375,0.09375
1BSB2,DRM,J,0.05,0.1005,0.1005,0.1005
1DRM1,DRM,J,0.01,0.15,0.15,0.15
2DRM1,DRM,J,0.01,0.135,0.135,0.135
1DRM2,DRM,J,0.01,0.12,0.12,0.12
2DRM2,DRM,J,0.01,0.2,0.2,0.2
1YTF1,DRM,J,0.06,0.12,0.12,0.12
2YTF1,DRM,J,0.06,0.12,0.12,0.12
1YTF2,DRM,J,0.06,0.12,0.12,0.12
1GOO1,STB,J,0,0.05,0.05,0.05
2GOO1,STB,J,0,0.05,0.05,0.05
1GOO2,STB,J,0,0.1,0.1,0.1
2GOO2,STB,J,0,0.1,0.1,0.1
1YTF1,STB,J,0.02,0.12,0.12,0.12
2YTF1,STB,J,0.02,0.12,0.12,0.12
1YTF2,STB,J,0.02,0.12,0.12,0.12
2YTF2,STB,J,0.02,0,0,0
1YTF1,TAU,J,0.03,0.12,0.12,0.12
2YTF1,TAU,J,0.03,0.12,0.12,0.12
1YTF2,TAU,J,0.03,0.12,0.12,0.12
1HER1,WOL,J,0,1.00E-05,1.00E-05,0.00001
2HER1,WOL,J,0,1.00E-05,1.00E-05,0.00001
1HER2,WOL,J,0,1.00E-05,1.00E-05,0.00001
2HER2,WOL,J,0,1.00E-05,1.00E-05,0.00001
SCA,WOL,R,0.001,1.00E-04,1.00E-04,0.0001
BFF,WOL,R,0.01,1.00E-04,1.00E-04,0.0001
BG,WOL,R,0.25,0,0,0
ZM,SDF,J,0,0.01,0.01,0.01
ZS,SDF,J,0,0.05,0.05,0.05
1STB1,FDF,J,0.075,0.15,0.15,0.15
2STB1,FDF,J,0.065,0.135,0.135,0.135
1STB2,FDF,J,0.06,0.12,0.12,0.12
2STB2,FDF,J,0.1,0.2,0.2,0.2
1HAD1,FDF,J,0.09,0.18,0.18,0.18
2HAD1,FDF,J,0.1,0.2,0.2,0.2
1HAD2,FDF,J,0.075,0.15,0.15,0.15
2HAD2,FDF,J,0.075,0.15,0.15,0.15
1YTF1,FDF,J,0.045,0.09,0.09,0.09
2YTF1,FDF,J,0.045,0.09,0.09,0.09
1YTF2,FDF,J,0.045,0.09,0.09,0.09
2YTF2,FDF,J,0.045,0.09,0.09,0.09
ZM,FDF,J,0,0.01,0.01,0.01
ZS,FDF,J,0,0.05,0.05,0.05
1ANC2,HAD,J,0.005,0,0,0
1GOO1,HAD,J,0.025,0.05,0.05,0.05
2GOO1,HAD,J,0.025,0.05,0.05,0.05
1GOO2,HAD,J,0.05,0.1,0.1,0.1
2GOO2,HAD,J,0.025,0.1,0.1,0.1
1OPT1,HAD,J,0.025,0.1125,0.1125,0.1125
2OPT1,HAD,J,0.025,0.1125,0.1125,0.1125
1OPT2,HAD,J,0.05,0.2,0.2,0.2
2OPT2,HAD,J,0.05,0.1,0.1,0.1
1HAD1,HAD,J,1.00E-04,0.09,0.09,0.09
2HAD1,HAD,J,1.00E-04,0.09,0.09,0.09
1HAD2,HAD,J,1.00E-04,0.09,0.09,0.09
2HAD2,HAD,J,1.00E-04,0.09,0.09,0.09
1SHK1,YTF,J,0.045,0.09,0.09,0.09
2SHK1,YTF,J,0.002,0.045,0.045,0.045
1SHK2,YTF,J,0.001,0.002,0.002,0.002
2SHK2,YTF,J,0.002,0.045,0.045,0.045
ZM,YTF,J,0,0.01,0.01,0.01
ZS,YTF,J,0,0.05,0.05,0.05
1GOO2,DOG,J,0.005,0.09,0.09,0.09
2GOO2,DOG,J,0.005,0.09,0.09,0.09
1DOG1,DOG,J,0.003375,0.225,0.225,0.225
2DOG1,DOG,J,0.1,0.225,0.225,0.225
1DOG2,DOG,J,0.1,0.225,0.225,0.225
2DOG2,DOG,J,0.1,0.225,0.225,0.225
1REP1,DOG,J,0.05,0,0,0
2REP1,DOG,J,0.05,0,0,0
1REP2,DOG,J,0.05,0,0,0
2REP2,DOG,J,0.05,0,0,0
LOB,DOG,R,0.001,0,0,0
RCB,DOG,R,0.025,0,0,0
BMS,DOG,R,0.0025,0,0,0
BC,DOG,R,0.01,0,0,0
1SMO1,SMO,J,0.1,0.225,0.225,0.225
2SMO1,SMO,J,0.1,0.225,0.225,0.225
1SMO2,SMO,J,0.1,0.25,0.25,0.25
2SMO2,SMO,J,0.1,0.275,0.275,0.275
ZM,SMO,J,0,0.05,0.05,0.05
1SSH1,SSH,J,0.05,0.225,0.225,0.225
2SSH1,SSH,J,0.05,0.225,0.225,0.225
1SSH2,SSH,J,0.05,0.25,0.25,0.25
2SSH2,SSH,J,0.05,0.275,0.275,0.275
1DSH1,SSH,J,0.01,0.225,0.225,0.225
2DSH1,SSH,J,0.01,0.225,0.225,0.225
1DSH2,SSH,J,0.01,0.25,0.25,0.25
2DSH2,SSH,J,0.01,0.275,0.275,0.275
1SSH1,DSH,J,0.05,0.2,0.2,0.2
2SSH1,DSH,J,0.05,0.21,0.21,0.21
1SSH2,DSH,J,0.05,0.25,0.25,0.25
2SSH2,DSH,J,0.05,0.275,0.275,0.275
1DSH1,DSH,J,0.01,0.2,0.2,0.2
2DSH1,DSH,J,0.01,0.21,0.21,0.21
1DSH2,DSH,J,0.01,0.25,0.25,0.25
2DSH2,DSH,J,0.01,0.275,0.275,0.275
SCA,POR,R,0.001,1.00E-04,1.00E-04,0.0001
BFF,POR,R,0.01,1.00E-04,1.00E-04,0.0001
BG,POR,R,0.01,0,0,0
ZM,POR,J,0,0.01,0.01,0.01
ZS,POR,J,0,0.05,0.05,0.05
1SSH1,PSH,J,0.05,0,0,0
2SSH1,PSH,J,0.05,0,0,0
1SSH2,PSH,J,0.05,0,0,0
2SSH2,PSH,J,0.05,0,0,0
1DSH1,PSH,J,0.01,0,0,0
2DSH1,PSH,J,0.01,0,0,0
1DSH2,PSH,J,0.01,0,0,0
2DSH2,PSH,J,0.01,0,0,0
2WTF1,WSK,J,0.05,0.1,0.1,0.1
2WTF2,WSK,J,0.06,0.12,0.12,0.12
1GOO1,WSK,J,0.005,0.09,0.09,0.09
2GOO1,WSK,J,0.005,0.09,0.09,0.09
1GOO2,WSK,J,0.005,0.09,0.09,0.09
2GOO2,WSK,J,0.005,0.09,0.09,0.09
2WTF1,LSK,J,0.05,0.1,0.1,0.1
2WTF2,LSK,J,0.06,0.12,0.12,0.12
1GOO1,LSK,J,0.005,0.03,0.03,0.03
2GOO1,LSK,J,0.005,0.09,0.09,0.09
1GOO2,LSK,J,0.005,0.03,0.03,0.03
2GOO2,LSK,J,0.005,0.09,0.09,0.09
1BSB1,LSK,J,0.05,0.1,0.1,0.1
1BSB2,LSK,J,0.015,0.03,0.03,0.03
1LSK1,LSK,J,0.01,0.0765,0.0765,0.0765
2LSK1,LSK,J,0.01,0.0765,0.0765,0.0765
1LSK2,LSK,J,0.01,0.03,0.03,0.03
2LSK2,LSK,J,0.01,0.03,0.03,0.03
2WTF1,SK,J,0.05,0.1,0.1,0.1
2WTF2,SK,J,0.06,0.12,0.12,0.12
1GOO1,SK,J,0.005,0.09,0.09,0.09
2GOO1,SK,J,0.005,0.09,0.09,0.09
1GOO2,SK,J,0.005,0.09,0.09,0.09
2GOO2,SK,J,0.005,0.09,0.09,0.09
1GOO1,SB,J,0,0.05,0.05,0.05
2GOO1,SB,J,0,0.05,0.05,0.05
1GOO2,SB,J,0,0.05,0.05,0.05
2GOO2,SB,J,0,0.05,0.05,0.05
1WOL1,SB,J,0,0.05,0.05,0.05
1WOL2,SB,J,0,0.05,0.05,0.05
2WOL1,SB,J,0,0.05,0.05,0.05
2WOL2,SB,J,0,0.05,0.05,0.05
1POR1,RWH,J,0.0125,0,0,0
2POR1,RWH,J,0.0125,0,0,0
1POR2,RWH,J,0.0125,0.05,0.05,0.05
2POR2,RWH,J,0.0125,0,0,0
1PSH1,RWH,J,0.01,0,0,0
2PSH1,RWH,J,0.01,0,0,0
1PSH2,RWH,J,0.01,0.05,0.05,0.05
2PSH2,RWH,J,0.01,0,0,0
1POR1,BWH,J,0.0125,0,0,0
2POR1,BWH,J,0.0125,0,0,0
1POR2,BWH,J,0.0125,0.05,0.05,0.05
2POR2,BWH,J,0.0125,0,0,0
1PSH1,BWH,J,0.01,0,0,0
2PSH1,BWH,J,0.01,0,0,0
1PSH2,BWH,J,0.01,0.05,0.05,0.05
2PSH2,BWH,J,0.01,0,0,0
1POR1,SWH,J,0.0125,0.05,0.05,0.05
2POR1,SWH,J,0.0125,0.05,0.05,0.05
1POR2,SWH,J,0.0125,0.05,0.05,0.05
2POR2,SWH,J,0.0125,0.05,0.05,0.05
1PSH1,SWH,J,0.01,0.05,0.05,0.05
2PSH1,SWH,J,0.01,0.05,0.05,0.05
1PSH2,SWH,J,0.01,0.05,0.05,0.05
2PSH2,SWH,J,0.01,0.05,0.05,0.05
1POR1,TWH,J,0.0125,0,0,0
2POR1,TWH,J,0.0125,0,0,0
1POR2,TWH,J,0.0125,0,0,0
2POR2,TWH,J,0.0125,0,0,0
1PSH1,TWH,J,0.01,0,0,0
2PSH1,TWH,J,0.01,0,0,0
1PSH2,TWH,J,0.01,0,0,0
2PSH2,TWH,J,0.01,0,0,0
1DOG1,SCA,R,0.003,0.03,0.003,0.003
2DOG1,SCA,R,0.003,0.03,0.003,0.003
1DOG2,SCA,R,0.003,0.03,0.003,0.003
2DOG2,SCA,R,0.003,0.03,0.003,0.003
LOB,SCA,R,0.001,0.02,0.001,0.001
RCB,SCA,R,0.0025,0.01,0.0025,0.0025
BMS,SCA,R,2.00E-04,0.02,2.00E-04,0.0002
BC,SCA,R,0.005,0.02,0.005,0.005
1HER1,QHG,R,1.00E-04,1.00E-04,0,0
1HER2,QHG,R,1.00E-04,1.00E-04,0,0
1FDF1,QHG,R,0.05,0.1,0.05,0.05
2FDF1,QHG,R,0.05,0.1052546,0.05,0.05
1FDF2,QHG,R,0.05,0.1,0.05,0.05
2FDF2,QHG,R,0.05,0.1052546,0.05,0.05
1DOG1,QHG,R,0.003375,0.1125,0.003375,0.003375
2DOG1,QHG,R,0.1125,0.1125,0.003375,0.003375
1DOG2,QHG,R,0.1125,0.1125,0.003375,0.003375
2DOG2,QHG,R,0.1125,0.1125,0.003375,0.003375
1REP1,QHG,R,0.05,0.0675,0.0675,0.0675
2REP1,QHG,R,0.05,0.0675,0.0675,0.0675
1REP2,QHG,R,0.05,0.0675,0.0675,0.0675
2REP2,QHG,R,0.05,0.0675,0.0675,0.0675
1NSH1,QHG,R,0,0.045,0,0
2NSH1,QHG,R,0,0.045,0,0
1NSH2,QHG,R,0,0.045,0,0
2NSH2,QHG,R,0,0.045,0,0
1OSH1,QHG,R,0,0.045,0,0
2OSH1,QHG,R,0,0.045,0,0
LOB,QHG,R,0.001,0.02,0.001,0.001
RCB,QHG,R,0.025,0.03375,0.025,0.025
BMS,QHG,R,0.0025,0.02,0.001,0.001
BC,QHG,R,0.01,0.003,0.001,0.001
1HER1,CLA,R,0,1.00E-04,0,0
1HER2,CLA,R,0,1.00E-04,0,0
1FDF1,CLA,R,0.075,0.15,0.075,0.075
2FDF1,CLA,R,0.075,0.15,0.075,0.075
1FDF2,CLA,R,0.075,0.15,0.075,0.075
2FDF2,CLA,R,0.075,0.15,0.075,0.075
1DOG1,CLA,R,0.003375,0.1,0.003375,0.003375
2DOG1,CLA,R,0.003375,0.1,0.003375,0.003375
1DOG2,CLA,R,0.003375,0.1,0.003375,0.003375
2DOG2,CLA,R,0.003375,0.1,0.003375,0.003375
1NSH1,CLA,R,0,0.045,0,0
2NSH1,CLA,R,0,0.045,0,0
1NSH2,CLA,R,0,0.045,0,0
2NSH2,CLA,R,0,0.045,0,0
1OSH1,CLA,R,0,0.045,0,0
2OSH1,CLA,R,0,0.045,0,0
1OSH2,CLA,R,0,0.045,0.045,0.045
2OSH2,CLA,R,0,0.045,0.045,0.045
LOB,CLA,R,0.001,0.02,0.001,0.001
RCB,CLA,R,0.0025,0.005,0.0025,0.0025
BMS,CLA,R,0.001,0.02,0.001,0.001
BC,CLA,R,0.001,0.003,0.001,0.001
1ANC2,BFF,R,0,0.15,0.15,0.15
1FDF1,BFF,R,0.05,0.1,0.05,0.05
2FDF1,BFF,R,0.05,0.1052546,0.05,0.05
1FDF2,BFF,R,0.05,0.1,0.05,0.05
2FDF2,BFF,R,0.05,0.1052546,0.05,0.05
1DOG1,BFF,R,0.003375,0.03375,0.003375,0.003375
1NSH1,BFF,R,0,0.045,0,0
2NSH1,BFF,R,0,0.045,0,0
1NSH2,BFF,R,0,0.045,0,0
2NSH2,BFF,R,0,0.045,0,0
1OSH1,BFF,R,0,0.045,0,0
2OSH1,BFF,R,0,0.045,0,0
LOB,BFF,R,0.001,0.02,0.001,0.001
RCB,BFF,R,0.0025,0.001,0.0025,0.0025
BMS,BFF,R,0.001,0.02,0.001,0.001
BC,BFF,R,0.001,0.003,0.001,0.001
ZM,BFF,R,0,0.01,0.01,0.01
ZS,BFF,R,0,0.05,0.05,0.05
BO,BFF,R,0,0.1,0.1,0.1
1ANC2,BG,R,0,0.1,0.1,0.1
1DOG1,BG,R,0.003375,0.03375,0.003375,0.003375
1REP1,BG,R,0.05,0.1125,0.1125,0.1125
2REP1,BG,R,0.05,0.1125,0.1125,0.1125
1REP2,BG,R,0.05,0.1125,0.1125,0.1125
2REP2,BG,R,0.05,0.1125,0.1125,0.1125
1NSH1,BG,R,0,0.225,0,0
2NSH1,BG,R,0,0.05,0,0
1NSH2,BG,R,0,0.225,0,0
2NSH2,BG,R,0,0.05,0,0
1OSH1,BG,R,0,0.225,0,0
2OSH1,BG,R,0,0.05,0,0
LOB,BG,R,0.001,0.06,0.001,0.001
RCB,BG,R,0.025,0.01,0.025,0.025
BMS,BG,R,0.0025,0.09,0.0025,0.0025
BC,BG,R,0.01,0.045,0.01,0.01
1BUT1,LOB,R,0,0.00677529,0,0
1BUT2,LOB,R,0,0.00677529,0,0
1BPF2,LOB,R,0,0.00677529,0,0
1GOO1,LOB,R,0,0.06,0.06,0.06
2GOO1,LOB,R,0,0.06,0.06,0.06
1GOO2,LOB,R,0,0.06,0.06,0.06
2GOO2,LOB,R,0,0.06,0.06,0.06
1WOL1,LOB,R,0,0.08,0.08,0.08
1WOL2,LOB,R,0,0.09,0.09,0.09
2WOL1,LOB,R,0,0.08,0.08,0.08
2WOL2,LOB,R,0,0.09,0.09,0.09
1DOG1,LOB,R,0.02,0.1,0.02,0.02
2DOG1,LOB,R,0.02,0.1,0.02,0.02
1DOG2,LOB,R,0.02,0.1,0.02,0.02
2DOG2,LOB,R,0.02,0.1,0.02,0.02
2NSH1,LOB,R,0,0.05,0,0
2NSH2,LOB,R,0,0.05,0,0
LOB,LOB,R,0.002,0.004,0.002,0.002
RCB,LOB,R,0.001,0.005,0.001,0.001
BMS,LOB,R,0.001,0.02,0.001,0.001
BC,LOB,R,0.0025,0.01,0.0025,0.0025
1BUT1,RCB,R,0,0.25,0,0
1BUT2,RCB,R,0,0.2,0,0
1BPF2,RCB,R,0,0.2,0,0
1GOO1,RCB,R,0,0.08,0.08,0.08
2GOO1,RCB,R,0,0.08,0.08,0.08
1GOO2,RCB,R,0,0.06,0.06,0.06
2GOO2,RCB,R,0,0.06,0.06,0.06
1WOL1,RCB,R,0,0.0493747,0.0493747,0.0493747
1WOL2,RCB,R,0,0.0493747,0.0493747,0.0493747
2WOL1,RCB,R,0,0.15,0.15,0.15
2WOL2,RCB,R,0,0.15,0.15,0.15
1FDF2,RCB,R,0.1,0.15,0.1,0.1
2FDF2,RCB,R,0.1,0.15,0.1,0.1
1DOG1,RCB,R,0.02,0.1,0.02,0.02
2DOG1,RCB,R,0.02,0.1,0.02,0.02
1DOG2,RCB,R,0.02,0.1,0.02,0.02
2DOG2,RCB,R,0.02,0.1,0.02,0.02
1NSH1,RCB,R,0,0.05625,0,0
2NSH1,RCB,R,0,0.05625,0,0
1NSH2,RCB,R,0,0.05625,0,0
2NSH2,RCB,R,0,0.05625,0,0
LOB,RCB,R,0.001,0.005,0.001,0.001
RCB,RCB,R,0.0025,0.001,0.0025,0.0025
BMS,RCB,R,0.001,0.1125,0.001,0.001
ZL,RCB,J,0,0.08,0.08,0.08
BC,RCB,R,0.0025,0.01,0.0025,0.0025
1BUT1,BMS,R,0,0.25,0,0
1BUT2,BMS,R,0,0.2,0,0
1BPF2,BMS,R,0,0.2,0,0
1FDF2,BMS,R,0.1,0.15,0.1,0.1
2FDF2,BMS,R,0.1,0.15,0.1,0.1
1DOG1,BMS,R,0.02,0.1,0.02,0.02
2DOG1,BMS,R,0.02,0.1,0.02,0.02
1DOG2,BMS,R,0.02,0.1,0.02,0.02
2DOG2,BMS,R,0.02,0.1,0.02,0.02
1NSH1,BMS,R,0,0.05625,0,0
2NSH1,BMS,R,0,0.05625,0,0
1NSH2,BMS,R,0,0.05625,0,0
2NSH2,BMS,R,0,0.05625,0,0
LOB,BMS,R,0.001,0.15,0.001,0.001
RCB,BMS,R,0.001,0.1125,0.001,0.001
BMS,BMS,R,0.01,0.05,0.01,0.01
ZL,BMS,J,0,0.08,0.08,0.08
BC,BMS,R,0.01,0.05,0.01,0.01
1SSH1,NSH,J,0.05,0,0,0
2SSH1,NSH,J,0.05,0,0,0
1SSH2,NSH,J,0.05,0,0,0
2SSH2,NSH,J,0.05,0,0,0
1DSH1,NSH,J,0.01,0.05625,0.05625,0.05625
2DSH1,NSH,J,0.01,0.05625,0.05625,0.05625
1DSH2,NSH,J,0.01,0.05625,0.05625,0.05625
2DSH2,NSH,J,0.01,0.05625,0.05625,0.05625
1NSH1,NSH,J,0,0.225,0,0
2NSH1,NSH,J,0,0.225,0,0
1NSH2,NSH,J,0,0.225,0,0
2NSH2,NSH,J,0,0.225,0,0
1OSH1,NSH,J,0,0.225,0,0
2OSH1,NSH,J,0,0.225,0,0
1SSH1,OSH,J,0.05,0,0,0
2SSH1,OSH,J,0.05,0,0,0
1SSH2,OSH,J,0.05,0,0,0
2SSH2,OSH,J,0.05,0,0,0
1DSH1,OSH,J,0.01,0.01125,0.01125,0.01125
2DSH1,OSH,J,0.01,0.01125,0.01125,0.01125
1DSH2,OSH,J,0.01,0.01125,0.01125,0.01125
2DSH2,OSH,J,0.01,0.01125,0.01125,0.01125
1MAK1,ZL,J,0.05,0.1,0.1,0.1
2MAK1,ZL,J,0.05,0.1,0.1,0.1
1MAK2,ZL,J,0.05,0.1,0.1,0.1
2MAK2,ZL,J,0.05,0.1,0.1,0.1
1HER1,ZL,J,0,1.00E-05,1.00E-05,0.00001
2HER1,ZL,J,0,1.00E-05,1.00E-05,0.00001
1HER2,ZL,J,0,1.00E-05,1.00E-05,0.00001
2HER2,ZL,J,0,1.00E-05,1.00E-05,0.00001
1MPF1,ZL,J,0,0.1,0.1,0.1
2MPF1,ZL,J,0,0.1,0.1,0.1
1MPF2,ZL,J,0,0.1,0.1,0.1
2MPF2,ZL,J,0,0.1,0.1,0.1
1ANC1,ZL,J,0.01,1.00E-05,1.00E-05,0.00001
2ANC1,ZL,J,0.01,1.00E-05,1.00E-05,0.00001
1ANC2,ZL,J,0.01,1.00E-05,1.00E-05,0.00001
2ANC2,ZL,J,0.01,1.00E-05,1.00E-05,0.00001
1MEN1,ZL,J,0.025,0,0,0
2MEN1,ZL,J,0.025,0,0,0
1MEN2,ZL,J,0.025,0,0,0
2MEN2,ZL,J,0.025,0,0,0
1COD1,ZL,J,0.01,0.035,0.035,0.035
2COD1,ZL,J,0.01,0.035,0.035,0.035
1COD2,ZL,J,0.01,0.035,0.035,0.035
2COD2,ZL,J,0.01,0.035,0.035,0.035
1DOG1,ZL,J,0.005,0.0375,0.0375,0.0375
2DOG1,ZL,J,0.005,0.0375,0.0375,0.0375
1DOG2,ZL,J,0.005,0.0375,0.0375,0.0375
2DOG2,ZL,J,0.005,0.0375,0.0375,0.0375
1WSK1,ZL,J,0.09,0.18,0.18,0.18
2WSK1,ZL,J,0.09,0.18,0.18,0.18
1WSK2,ZL,J,0.09,0.18,0.18,0.18
2WSK2,ZL,J,0.09,0.18,0.18,0.18
1SK1,ZL,J,0.04,0.0812014,0.0812014,0.0812014
2SK1,ZL,J,0.04,0.0812014,0.0812014,0.0812014
1SK2,ZL,J,0.04,0.0812014,0.0812014,0.0812014
2SK2,ZL,J,0.04,0.0812014,0.0812014,0.0812014
SCA,ZL,R,0.001,1.00E-04,1.00E-04,0.0001
BFF,ZL,R,0.01,1.00E-04,0,0
BG,ZL,R,0.25,0,0,0
1ANC2,BD,R,0.005,0.03428571,0.03428571,0.03428571
ZL,BD,J,0,0.1,0.1,0.1
LOB,MB,R,0,0.05,0,0
RCB,MB,R,0,0.03,0,0
1DOG1,SG,J,0.003375,0,0,0
1REP1,SG,J,0.05,0.2,0.2,0.2
2REP1,SG,J,0.05,0.2,0.2,0.2
1REP2,SG,J,0.05,0.2,0.2,0.2
2REP2,SG,J,0.05,0.2,0.2,0.2
LOB,SG,R,0.001,0,0,0
RCB,SG,R,0.025,0,0,0
BMS,SG,R,0.0025,0,0,0
BC,SG,R,0.01,0,0,0
1DOG1,BC,R,0.05,0.1,0.1,0.1
2DOG1,BC,R,0.05,0.1,0.1,0.1
1DOG2,BC,R,0.05,0.1,0.1,0.1
2DOG2,BC,R,0.05,0.1,0.1,0.1
LOB,BC,R,0.125,0.225,0.15,0.15
1MAK1,ZG,J,0.01,0.1,0.1,0.1
2MAK1,ZG,J,0.01,0.1,0.1,0.1
1MAK2,ZG,J,0.01,0.1,0.1,0.1
2MAK2,ZG,J,0.01,0.1,0.1,0.1
1HAD1,ZG,J,0.05,0.105,0.105,0.105
2HAD1,ZG,J,0.05,0.105,0.105,0.105
1HAD2,ZG,J,0.05,0.105,0.105,0.105
2HAD2,ZG,J,0.05,0.105,0.105,0.105
1DOG1,ZG,J,0.005,0.05,0.05,0.05
2DOG1,ZG,J,0.005,0.05,0.05,0.05
1DOG2,ZG,J,0.005,0.05,0.05,0.05
2DOG2,ZG,J,0.005,0.05,0.05,0.05
1WSK1,ZG,J,0.01,0.042,0.042,0.042
2WSK1,ZG,J,0.01,0.042,0.042,0.042
1WSK2,ZG,J,0.01,0.042,0.042,0.042
2WSK2,ZG,J,0.01,0.042,0.042,0.042
1SK1,ZG,J,0.03,0.06,0.06,0.06
2SK1,ZG,J,0.03,0.06,0.06,0.06
1SK2,ZG,J,0.03,0.06,0.06,0.06
2SK2,ZG,J,0.03,0.06,0.06,0.06
1REP1,ZG,J,0.05,0.15,0.15,0.15
2REP1,ZG,J,0.05,0.15,0.15,0.15
1REP2,ZG,J,0.05,0.15,0.15,0.15
2REP2,ZG,J,0.05,0.15,0.15,0.15
LOB,ZG,R,0.001,0,0,0
RCB,ZG,R,0.025,0.1,0.1,0.1
BMS,ZG,R,0.0025,0,0,0
BC,ZG,R,0.01,0,0,0
1HER1,PL,J,0,1.00E-05,1.00E-05,0.00001
2HER1,PL,J,0,1.00E-05,1.00E-05,0.00001
1HER2,PL,J,0,1.00E-05,1.00E-05,0.00001
2HER2,PL,J,0,1.00E-05,1.00E-05,0.00001
1ANC1,PL,J,0.1,1.00E-05,1.00E-05,0.00001
2ANC1,PL,J,0.1,1.00E-05,1.00E-05,0.00001
1ANC2,PL,J,0.1,1.00E-05,1.00E-05,0.00001
2ANC2,PL,J,0.1,1.00E-05,1.00E-05,0.00001
SCA,PL,R,0.001,1.00E-04,0.3,0.3
QHG,PL,R,0.1,1.00E-04,0.1,0.1
CLA,PL,R,0.1,1.00E-04,0.1,0.1
BFF,PL,R,0.01,1.00E-04,1.00E-04,0.0001
BG,PL,R,0.25,0.1,0.1,0.1
BG,PS,R,0,0.05,0,0
1MAK1,ZM,J,0.05,0.2,0.2,0.2
2MAK1,ZM,J,0.02,0.2,0.2,0.2
1MAK2,ZM,J,0.01,0.1,0.1,0.1
2MAK2,ZM,J,0.01,0.1,0.1,0.1
1HER1,ZM,J,0.05,0.2,0.2,0.2
2HER1,ZM,J,0.05,0.2,0.2,0.2
1HER2,ZM,J,0.05,0.2,0.2,0.2
2HER2,ZM,J,0.05,0.2,0.2,0.2
1WIF1,ZM,J,0.05,0.1,0.1,0.1
2WIF1,ZM,J,0.05,0.1,0.1,0.1
BD,ZM,R,0,5.50E-05,5.50E-05,0.000055
BO,ZM,R,0,0.0026,0.0026,0.0026
1HER1,ZS,J,0.01,0.1,0.1,0.1
2HER1,ZS,J,0.01,0.1,0.1,0.1
1HER2,ZS,J,0.01,0.1,0.1,0.1
2HER2,ZS,J,0.01,0.1,0.1,0.1
1MEN1,ZS,J,0.02,0.04,0.04,0.04
2MEN1,ZS,J,0.02,0.04,0.04,0.04
1MEN2,ZS,J,0.02,0.04,0.04,0.04
2MEN2,ZS,J,0.02,0.04,0.04,0.04
ZS,ZS,J,0.001,0.01,0.01,0.01
ZL,BO,J,0,0.05,0.05,0.05
ZM,BO,J,0,0.05,0.05,0.05
1HER1,DL,J,0,1.00E-05,1.00E-05,0.00001
2HER1,DL,J,0,1.00E-05,1.00E-05,0.00001
1HER2,DL,J,0,1.00E-05,1.00E-05,0.00001
2HER2,DL,J,0,1.00E-05,1.00E-05,0.00001
1MPF1,DL,J,0,1.00E-04,1.00E-04,0.0001
2MPF1,DL,J,0,1.00E-04,1.00E-04,0.0001
1MPF2,DL,J,0,1.00E-04,1.00E-04,0.0001
2MPF2,DL,J,0,1.00E-04,1.00E-04,0.0001
SCA,DL,R,0.001,1.00E-04,0.001,0.001
BFF,DL,R,0.01,1.00E-04,0.01,0.01
BG,DL,R,0.25,0,0.25,0.25
SCA,DR,R,0.001,1.00E-04,0.001,0.001
BFF,DR,R,0.01,1.00E-04,0.01,0.01
BG,DR,R,0.01,0,0.01,0.01
1DOG1,DC,J,0.05,0.1,0.1,0.1
2DOG1,DC,J,0.05,0.1,0.1,0.1
1DOG2,DC,J,0.05,0.1,0.1,0.1
2DOG2,DC,J,0.05,0.2,0.2,0.2
LOB,DC,R,0.125,0.1,0.125,0.125
SCA,DLsed,R,0.001,1.00E-04,0.001,0.001
BFF,DLsed,R,0.01,1.00E-04,0.01,0.01
LOB,DLsed,R,0.125,0.1,0.125,0.125
SCA,DRsed,R,0.001,1.00E-04,0.001,0.001
BFF,DRsed,R,0.01,1.00E-04,0.01,0.01
LOB,DRsed,R,0.125,0.1,0.125,0.125
ZM,DRsed,J,0,0.01,0.01,0.01
ZS,DRsed,J,0,0.05,0.05,0.05
LOB,DCsed,R,0.125,0.1,0.125,0.125
